feature	coefficient
free_reduced_lunch_per1000	0.34741125009858503
black_pop	0.07406887096774407
threats_no_weapon_incidents	0.048694725690377465
