Method	Test RMSE
OLS	62.029868008243724
Intercept-Only	60.376867638307075
Ridge	60.349731521923744
Lasso	60.14460887141909
Tree	57.019794536260875
Random Forest	53.80976933445467
Boosting	52.32403290520746
