Method	Test RMSE
OLS	62.02986800824373
Intercept-Only	60.376867638307075
Ridge	60.349731521923744
Lasso	60.14460887141909
Tree	57.01979453626087
Random Forest	53.9086790470014
Boosting	52.30059761967825
