Method	Test RMSE (Sqrt Transformed)	Test RMSE
Regression Tree	3.169480462472289	57.01979453626087
Random Forest	2.8795768858613227	53.9086790470014
Boosting	2.9210114623939143	52.30059761967825
