Method	Test RMSE (Sqrt Transformed)	Test RMSE
OLS	3.3866533181599983	62.029868008243724
Intercept-Only	3.6543114336672375	60.376867638307075
Ridge	3.645924524523462	60.349731521923744
Lasso	3.600137885845712	60.14460887141909
