Method	Test RMSE (Sqrt Transformed)	Test RMSE
Regression Tree	3.1958251744181907	60.666477976890455
Random Forest	2.915735319487768	57.945127958275876
Boosting	2.9507542883653297	56.95107568424197
