Variable	Relative Influence
avg_suspensions	18.434469205960202
threats_no_weapon_incidents	15.529546885928903
free_reduced_lunch_per1000	6.202578406749368
expenditures_nonpersonnel	3.8138385419601466
salaries_teachers	3.5489282850123587
black_pop	3.3449767970322095
white_pop	2.8993022850167165
labor_force_participation	2.743973402826628
teachers_previous_sy	2.5790038292016133
pacific_pop	2.4037724991113127
